{"cameraMode":{"drawMode":0,"name":"Shaded","section":"Shading Mode"},"sceneLighting":true,"audioPlay":false,"sceneViewState":{"showFog":true,"showMaterialUpdate":false,"showSkybox":true,"showFlares":true,"showImageEffects":true,"showParticleSystems":true},"in2DMode":false,"pivot":{"x":0.46193578839302065,"y":0.23249563574790955,"z":-4.005162715911865},"rotation":{"x":-0.6258644461631775,"y":-0.029689431190490724,"z":0.023870520293712617,"w":-0.7790207266807556},"size":16.178462982177736,"orthographic":false}